last_100_avg, max_score_log
0.0,0
0.0,0
0.0,0
0.0,0
0.0,0
0.0,0
0.0,0
0.0,0
0.0,0
0.0,0
0.0,0
0.0,0
0.07692307692307693,1
0.07142857142857142,1
0.06666666666666667,1
0.125,1
0.11764705882352941,1
0.1111111111111111,1
0.10526315789473684,1
0.1,1
0.09523809523809523,1
0.09090909090909091,1
0.08695652173913043,1
0.08333333333333333,1
0.12,1
0.11538461538461539,1
0.1111111111111111,1
0.10714285714285714,1
0.10344827586206896,1
0.1,1
0.0967741935483871,1
0.09375,1
0.09090909090909091,1
0.08823529411764706,1
0.08571428571428572,1
0.08333333333333333,1
0.08108108108108109,1
0.07894736842105263,1
0.07692307692307693,1
0.075,1
0.07317073170731707,1
0.07142857142857142,1
0.06976744186046512,1
0.06818181818181818,1
0.06666666666666667,1
0.06521739130434782,1
0.06382978723404255,1
0.0625,1
0.061224489795918366,1
0.06,1
0.058823529411764705,1
0.057692307692307696,1
0.05660377358490566,1
0.05555555555555555,1
0.05454545454545454,1
0.05357142857142857,1
0.05263157894736842,1
0.05172413793103448,1
0.05084745762711865,1
0.05,1
0.04918032786885246,1
0.04838709677419355,1
0.047619047619047616,1
0.046875,1
0.046153846153846156,1
0.045454545454545456,1
0.04477611940298507,1
0.04411764705882353,1
0.043478260869565216,1
0.04285714285714286,1
0.04225352112676056,1
0.041666666666666664,1
0.0410958904109589,1
0.04054054054054054,1
0.04,1
0.039473684210526314,1
0.03896103896103896,1
0.038461538461538464,1
0.0379746835443038,1
0.0375,1
0.037037037037037035,1
0.036585365853658534,1
0.04819277108433735,1
0.047619047619047616,1
0.047058823529411764,1
0.046511627906976744,1
0.04597701149425287,1
0.045454545454545456,1
0.0449438202247191,1
0.05555555555555555,1
0.054945054945054944,1
0.06521739130434782,1
0.06451612903225806,1
0.07446808510638298,1
0.08421052631578947,1
0.08333333333333333,1
0.1134020618556701,3
0.1326530612244898,3
0.1414141414141414,3
0.14,3
0.14,3
0.14,3
0.14,3
0.14,3
0.14,3
0.14,3
0.14,3
0.14,3
0.14,3
0.14,3
0.14,3
0.15,3
0.14,3
0.14,3
0.14,3
0.13,3
0.13,3
0.13,3
0.13,3
0.13,3
0.15,3
0.15,3
0.15,3
0.15,3
0.14,3
0.14,3
0.14,3
0.14,3
0.14,3
0.14,3
0.14,3
0.14,3
0.14,3
0.14,3
0.14,3
0.14,3
0.14,3
0.14,3
0.15,3
0.15,3
0.15,3
0.15,3
0.15,3
0.15,3
0.15,3
0.15,3
0.15,3
0.15,3
0.15,3
0.15,3
0.15,3
0.15,3
0.15,3
0.15,3
0.15,3
0.15,3
0.15,3
0.15,3
0.15,3
0.15,3
0.15,3
0.15,3
0.15,3
0.15,3
0.15,3
0.15,3
0.15,3
0.15,3
0.15,3
0.15,3
0.15,3
0.15,3
0.15,3
0.15,3
0.15,3
0.15,3
0.15,3
0.15,3
0.15,3
0.15,3
0.15,3
0.15,3
0.14,3
0.14,3
0.14,3
0.14,3
0.14,3
0.14,3
0.14,3
0.13,3
0.13,3
0.12,3
0.12,3
0.11,3
0.1,3
0.1,3
0.1,3
0.08,3
0.07,3
0.07,3
0.07,3
0.07,3
0.09,3
0.1,3
0.11,3
0.11,3
0.11,3
0.11,3
0.11,3
0.11,3
0.11,3
0.12,3
0.12,3
0.12,3
0.12,3
0.12,3
0.14,3
0.14,3
0.14,3
0.17,3
0.15,3
0.15,3
0.18,3
0.18,3
0.18,3
0.18,3
0.18,3
0.18,3
0.19,3
0.2,3
0.2,3
0.21,3
0.21,3
0.21,3
0.21,3
0.21,3
0.22,3
0.23,3
0.22,3
0.22,3
0.22,3
0.22,3
0.22,3
0.23,3
0.25,3
0.27,3
0.28,3
0.28,3
0.28,3
0.28,3
0.29,3
0.29,3
0.29,3
0.29,3
0.29,3
0.29,3
0.29,3
0.3,3
0.3,3
0.33,3
0.35,3
0.35,3
0.35,3
0.35,3
0.35,3
0.35,3
0.36,3
0.36,3
0.36,3
0.38,3
0.38,3
0.39,3
0.4,3
0.43,3
0.43,3
0.44,3
0.45,3
0.45,3
0.45,3
0.46,3
0.47,3
0.47,3
0.47,3
0.49,3
0.52,3
0.52,3
0.52,3
0.52,3
0.54,3
0.56,3
0.65,9
0.67,9
0.68,9
0.69,9
0.7,9
0.7,9
0.67,9
0.67,9
0.72,9
0.72,9
0.72,9
0.72,9
0.72,9
0.72,9
0.71,9
0.71,9
0.71,9
0.71,9
0.73,9
0.73,9
0.76,9
0.79,9
0.81,9
0.81,9
0.82,9
0.82,9
0.82,9
0.84,9
0.86,9
0.83,9
0.87,9
0.88,9
0.85,9
0.85,9
0.85,9
0.85,9
0.85,9
0.86,9
0.85,9
0.84,9
0.85,9
0.84,9
0.85,9
0.87,9
0.87,9
0.87,9
0.86,9
0.85,9
0.87,9
0.87,9
0.87,9
0.88,9
0.9,9
0.92,9
0.92,9
0.9,9
0.9,9
0.93,9
1.0,9
1.0,9
1.01,9
1.01,9
1.03,9
1.03,9
1.05,9
1.1,9
1.1,9
1.09,9
1.09,9
1.06,9
1.04,9
1.04,9
1.05,9
1.06,9
1.07,9
1.07,9
1.08,9
1.08,9
1.08,9
1.06,9
1.06,9
1.07,9
1.06,9
1.03,9
1.03,9
1.04,9
1.03,9
1.03,9
1.03,9
1.06,9
1.06,9
1.06,9
1.06,9
1.13,9
1.12,9
1.13,9
1.16,9
1.16,9
1.17,9
1.17,9
1.08,9
1.07,9
1.07,9
1.07,9
1.06,9
1.08,9
1.09,9
1.09,9
1.06,9
1.07,9
1.07,9
1.09,9
1.07,9
1.06,9
1.06,9
1.07,9
1.07,9
1.07,9
1.05,9
1.05,9
1.03,9
0.99,9
0.98,9
0.98,9
0.97,9
0.97,9
0.95,9
0.93,9
0.91,9
0.91,9
0.87,9
0.86,9
0.86,9
0.86,9
0.86,9
0.86,9
0.86,9
0.85,9
0.85,9
0.85,9
0.84,9
0.84,9
0.83,9
0.81,9
0.81,9
0.81,9
0.81,9
0.81,9
0.79,9
0.79,9
0.79,9
0.78,9
0.76,9
0.73,9
0.71,9
0.71,9
0.7,9
0.67,9
0.6,9
0.6,9
0.58,9
0.58,9
0.56,9
0.56,9
0.54,9
0.49,9
0.49,9
0.49,9
0.49,9
0.49,9
0.49,9
0.49,9
0.48,9
0.47,9
0.46,9
0.46,9
0.44,9
0.44,9
0.44,9
0.44,9
0.44,9
0.42,9
0.42,9
0.42,9
0.42,9
0.4,9
0.4,9
0.4,9
0.4,9
0.36,9
0.35,9
0.35,9
0.35,9
0.26,9
0.24,9
0.23,9
0.2,9
0.2,9
0.17,9
0.15,9
0.16,9
0.15,9
0.14,9
0.13,9
0.13,9
0.11,9
0.1,9
0.11,9
0.1,9
0.09,9
0.09,9
0.07,9
0.07,9
0.09,9
0.1,9
0.09,9
0.12,9
0.12,9
0.12,9
0.12,9
0.11,9
0.11,9
0.1,9
0.11,9
0.11,9
0.11,9
0.14,9
0.14,9
0.19,9
0.21,9
0.22,9
0.23,9
0.23,9
0.33,10
0.34,10
0.34,10
0.35,10
0.35,10
0.4,10
0.44,10
0.44,10
0.47,10
0.51,10
0.51,10
0.54,10
0.56,10
0.57,10
0.63,10
0.64,10
0.64,10
0.65,10
0.72,10
0.76,10
0.76,10
0.8,10
0.84,10
0.94,10
0.96,10
0.96,10
0.96,10
1.01,10
1.06,10
1.06,10
1.06,10
1.08,10
1.08,10
1.12,10
1.14,10
1.14,10
1.15,10
1.19,10
1.19,10
1.24,10
1.26,10
1.27,10
1.32,10
1.34,10
1.35,10
1.47,12
1.51,12
1.52,12
1.56,12
1.57,12
1.62,12
1.62,12
1.67,12
1.69,12
1.71,12
1.73,12
1.74,12
1.75,12
1.76,12
1.77,12
1.78,12
1.83,12
1.86,12
1.87,12
2.06,19
2.06,19
2.06,19
2.07,19
2.08,19
2.22,19
2.23,19
2.28,19
2.28,19
2.3,19
2.31,19
2.3,19
2.32,19
2.34,19
2.38,19
2.39,19
2.41,19
2.41,19
2.42,19
2.4,19
2.41,19
2.46,19
2.52,19
2.53,19
2.52,19
2.53,19
2.53,19
2.54,19
2.56,19
2.55,19
2.57,19
2.53,19
2.52,19
2.51,19
2.5,19
2.51,19
2.42,19
2.41,19
2.43,19
2.44,19
2.46,19
2.43,19
2.4,19
2.41,19
2.43,19
2.41,19
2.42,19
2.43,19
2.43,19
2.44,19
2.4,19
2.49,19
2.51,19
2.52,19
2.47,19
2.5,19
2.52,19
2.54,19
2.5,19
2.4,19
2.38,19
2.4,19
2.41,19
2.37,19
2.32,19
2.32,19
2.37,19
2.56,21
2.56,21
2.52,21
2.51,21
2.51,21
2.51,21
2.47,21
2.49,21
2.48,21
2.46,21
2.45,21
2.44,21
2.52,21
2.6,21
2.53,21
2.51,21
2.5,21
2.5,21
2.52,21
2.51,21
2.51,21
2.46,21
2.45,21
2.43,21
2.42,21
2.43,21
2.45,21
2.44,21
2.44,21
2.43,21
2.38,21
2.38,21
2.41,21
2.26,21
2.29,21
2.31,21
2.32,21
2.37,21
2.28,21
2.29,21
2.26,21
2.33,21
2.32,21
2.32,21
2.37,21
2.42,21
2.43,21
2.42,21
2.5,21
2.46,21
2.45,21
2.44,21
2.52,21
2.51,21
2.5,21
2.53,21
2.6,21
2.72,21
2.75,21
2.78,21
2.78,21
2.81,21
2.83,21
2.83,21
2.88,21
2.89,21
2.91,21
2.92,21
2.92,21
2.92,21
2.93,21
2.94,21
2.94,21
2.98,21
2.96,21
2.96,21
2.98,21
3.0,21
3.06,21
3.08,21
3.09,21
3.12,21
3.17,21
3.23,21
3.22,21
3.25,21
3.24,21
3.25,21
3.19,21
3.18,21
3.12,21
3.12,21
3.12,21
3.13,21
3.17,21
3.2,21
3.2,21
3.41,21
3.41,21
3.36,21
3.22,21
3.27,21
3.27,21
3.3,21
3.34,21
3.41,21
3.42,21
3.42,21
3.38,21
3.4,21
3.4,21
3.37,21
3.27,21
3.19,21
3.14,21
3.12,21
3.13,21
3.09,21
3.07,21
3.03,21
3.06,21
3.06,21
3.06,21
3.08,21
3.08,21
3.06,21
3.03,21
3.05,21
3.04,21
3.04,21
3.06,21
3.04,21
3.0,21
2.98,21
2.96,21
2.97,21
2.98,21
2.96,21
2.93,21
2.92,21
2.95,21
2.95,21
2.96,21
3.04,21
3.01,21
3.01,21
2.98,21
2.97,21
2.88,21
2.93,21
2.94,21
2.94,21
2.86,21
2.86,21
2.82,21
2.74,21
2.7,21
2.58,21
2.55,21
2.52,21
2.52,21
2.53,21
2.49,21
2.47,21
2.41,21
2.41,21
2.39,21
2.38,21
2.47,21
2.46,21
2.45,21
2.46,21
2.47,21
2.49,21
2.49,21
2.55,21
2.53,21
2.48,21
2.45,21
2.55,21
2.55,21
2.56,21
2.5,21
2.55,21
2.48,21
2.5,21
2.56,21
2.54,21
2.59,21
2.64,21
2.68,21
2.69,21
2.78,21
2.84,21
2.78,21
2.74,21
2.78,21
2.59,21
2.64,21
2.68,21
2.66,21
2.65,21
2.69,21
2.7,21
2.7,21
2.67,21
2.67,21
2.75,21
2.75,21
2.78,21
2.8,21
2.9,21
2.95,21
2.95,21
3.01,21
3.01,21
3.0,21
3.0,21
3.0,21
3.02,21
3.03,21
3.03,21
3.06,21
3.07,21
3.07,21
3.19,21
3.21,21
3.2,21
3.24,21
3.3,21
3.3,21
3.31,21
3.33,21
3.32,21
3.36,21
3.34,21
3.32,21
3.29,21
3.29,21
3.29,21
3.27,21
3.24,21
3.22,21
3.14,21
3.13,21
3.11,21
3.16,21
3.17,21
3.2,21
3.16,21
3.18,21
3.18,21
3.26,21
3.27,21
3.28,21
3.29,21
3.3,21
3.36,21
3.35,21
3.35,21
3.34,21
3.33,21
3.46,21
3.48,21
3.48,21
3.48,21
3.55,21
3.55,21
3.56,21
3.56,21
3.59,21
3.55,21
3.57,21
3.49,21
3.49,21
3.42,21
3.41,21
3.48,21
3.44,21
3.32,21
3.27,21
3.23,21
3.34,21
3.32,21
3.32,21
3.29,21
3.24,21
3.31,21
3.27,21
3.25,21
3.24,21
3.26,21
3.22,21
3.28,21
3.33,21
3.33,21
3.32,21
3.33,21
3.28,21
3.36,21
3.33,21
3.31,21
3.3,21
3.27,21
3.25,21
3.22,21
3.25,21
3.18,21
3.19,21
3.18,21
3.21,21
3.12,21
3.1,21
3.13,21
3.08,21
3.12,21
3.14,21
3.16,21
3.21,21
3.21,21
3.23,21
3.24,21
3.25,21
3.24,21
3.25,21
3.18,21
3.17,21
3.23,21
3.25,21
3.21,21
3.23,21
3.23,21
3.21,21
3.26,21
3.25,21
3.26,21
3.26,21
3.25,21
3.25,21
3.34,21
3.31,21
3.27,21
3.28,21
3.26,21
3.31,21
3.26,21
3.22,21
3.19,21
3.16,21
3.15,21
3.12,21
3.12,21
3.07,21
3.06,21
3.05,21
3.03,21
2.98,21
2.92,21
2.92,21
2.91,21
2.91,21
2.86,21
2.73,21
2.71,21
2.71,21
2.69,21
2.62,21
2.62,21
2.51,21
2.51,21
2.48,21
2.48,21
2.43,21
2.43,21
2.43,21
2.43,21
2.43,21
2.34,21
2.33,21
2.32,21
2.32,21
2.3,21
2.18,21
2.07,21
2.05,21
2.01,21
1.99,21
1.91,21
1.89,21
1.85,21
1.82,21
1.79,21
1.74,21
1.61,21
1.56,21
1.56,21
1.52,21
1.49,21
1.49,21
1.37,21
1.35,21
1.33,21
1.3,21
1.28,21
1.26,21
1.24,21
1.2,21
1.17,21
1.16,21
1.12,21
1.07,21
1.05,21
1.02,21
0.98,21
0.97,21
0.93,21
0.91,21
0.89,21
0.83,21
0.81,21
0.75,21
0.74,21
0.71,21
0.69,21
0.67,21
0.62,21
0.61,21
0.59,21
0.53,21
0.51,21
0.52,21
0.54,21
0.57,21
0.51,21
0.56,21
0.57,21
0.57,21
0.59,21
0.59,21
0.5,21
0.54,21
0.54,21
0.54,21
0.58,21
0.52,21
0.54,21
0.54,21
0.55,21
0.55,21
0.57,21
0.59,21
0.59,21
0.56,21
0.56,21
0.57,21
0.57,21
0.57,21
0.59,21
0.6,21
0.62,21
0.63,21
0.63,21
0.64,21
0.64,21
0.64,21
0.64,21
0.64,21
0.64,21
0.64,21
0.64,21
0.65,21
0.65,21
0.65,21
0.66,21
0.66,21
0.66,21
0.66,21
0.66,21
0.66,21
0.66,21
0.66,21
0.66,21
0.66,21
0.66,21
0.66,21
0.66,21
0.66,21
0.66,21
0.66,21
0.67,21
0.68,21
0.69,21
0.69,21
0.69,21
0.69,21
0.69,21
0.69,21
0.7,21
0.7,21
0.7,21
0.71,21
0.71,21
0.71,21
0.71,21
0.71,21
0.71,21
0.72,21
0.72,21
0.72,21
0.72,21
0.73,21
0.73,21
0.74,21
0.74,21
0.74,21
0.74,21
0.74,21
0.74,21
0.74,21
0.74,21
0.74,21
0.74,21
0.72,21
0.72,21
0.72,21
0.73,21
0.73,21
0.68,21
0.68,21
0.69,21
0.65,21
0.61,21
0.59,21
0.59,21
0.51,21
0.48,21
0.46,21
0.44,21
0.42,21
0.41,21
0.39,21
0.4,21
0.42,21
0.4,21
0.4,21
0.38,21
0.38,21
0.39,21
0.42,21
0.43,21
0.41,21
0.44,21
0.45,21
0.47,21
0.48,21
0.5,21
0.5,21
0.53,21
0.54,21
0.56,21
0.59,21
0.7,21
0.7,21
0.7,21
0.72,21
0.72,21
0.73,21
0.75,21
0.75,21
0.84,21
0.83,21
0.83,21
0.85,21
0.89,21
0.89,21
0.91,21
0.95,21
0.97,21
0.97,21
0.97,21
1.01,21
1.01,21
1.01,21
1.02,21
1.13,21
1.19,21
1.2,21
1.2,21
1.23,21
1.22,21
1.21,21
1.23,21
1.23,21
1.33,21
1.38,21
1.38,21
1.38,21
1.45,21
1.5,21
1.59,21
1.68,21
1.84,21
1.88,21
1.93,21
1.98,21
2.02,21
2.06,21
2.16,21
2.21,21
2.27,21
2.31,21
2.33,21
2.38,21
2.42,21
2.42,21
2.46,21
2.47,21
2.47,21
2.47,21
2.51,21
2.58,21
2.58,21
2.6,21
2.67,21
2.71,21
2.7,21
2.71,21
2.77,21
2.81,21
2.89,21
2.91,21
2.93,21
3.05,21
3.05,21
3.07,21
3.1,21
3.12,21
3.17,21
3.17,21
3.32,21
3.32,21
3.31,21
3.33,21
3.36,21
3.41,21
3.46,21
3.45,21
3.43,21
3.45,21
3.42,21
3.5,21
3.59,21
3.59,21
3.57,21
3.59,21
3.63,21
3.65,21
3.74,21
3.72,21
3.7,21
3.7,21
3.74,21
3.78,21
3.9,21
3.95,21
4.1,21
4.1,21
4.1,21
4.11,21
4.06,21
4.06,21
4.06,21
4.04,21
4.12,21
4.2,21
4.22,21
4.19,21
4.17,21
4.22,21
4.29,21
4.26,21
4.4,21
4.49,21
4.59,21
4.52,21
4.47,21
4.51,21
4.61,21
4.66,21
4.74,21
4.74,21
4.8,21
4.82,21
4.76,21
4.75,21
4.91,21
4.93,21
4.88,21
4.92,21
4.89,21
4.79,21
4.63,21
4.6,21
4.61,21
4.65,21
4.62,21
4.59,21
4.49,21
4.46,21
4.4,21
4.41,21
4.44,21
4.48,21
4.46,21
4.67,21
4.65,21
4.7,21
4.76,21
4.76,21
4.78,21
4.75,21
4.76,21
4.8,21
4.79,21
4.93,21
4.95,21
4.94,21
4.88,21
4.85,21
4.8,21
4.78,21
4.79,21
4.73,21
4.74,21
5.09,38
5.08,38
5.11,38
5.16,38
5.24,38
5.3,38
5.28,38
5.28,38
5.23,38
5.26,38
5.25,38
5.33,38
5.44,38
5.49,38
5.59,38
5.59,38
5.51,38
5.39,38
5.37,38
5.43,38
5.48,38
5.46,38
5.46,38
5.33,38
5.33,38
5.43,38
5.39,38
5.29,38
5.27,38
5.27,38
5.25,38
5.21,38
5.26,38
5.33,38
5.36,38
5.32,38
5.37,38
5.58,38
5.71,38
5.63,38
5.59,38
5.55,38
5.63,38
5.65,38
5.6,38
5.55,38
5.56,38
5.47,38
5.73,38
5.71,38
5.75,38
5.76,38
5.83,38
5.75,38
5.81,38
5.73,38
6.02,38
6.03,38
6.15,38
6.19,38
6.17,38
6.06,38
6.23,38
6.2,38
6.16,38
6.19,38
6.41,38
6.45,38
6.44,38
6.4,38
6.31,38
6.37,38
6.37,38
6.47,38
6.46,38
6.57,38
6.51,38
6.46,38
6.37,38
6.44,38
6.27,38
6.37,38
6.32,38
6.41,38
6.45,38
6.39,38
6.36,38
6.46,38
6.47,38
6.43,38
6.27,38
6.3,38
6.39,38
6.44,38
6.5,38
6.55,38
6.62,38
6.61,38
6.6,38
6.82,38
6.63,38
6.63,38
6.6,38
6.69,38
6.68,38
6.58,38
7.09,51
7.21,51
7.62,51
7.64,51
8.05,51
8.09,51
7.98,51
8.06,51
7.96,51
8.0,51
8.05,51
8.05,51
8.11,51
8.12,51
8.03,51
8.04,51
8.17,51
8.22,51
8.26,51
8.33,51
8.33,51
8.32,51
8.33,51
8.25,51
8.3,51
8.23,51
8.19,51
8.12,51
8.15,51
8.19,51
8.18,51
8.02,51
7.91,51
7.86,51
7.85,51
7.9,51
7.86,51
7.86,51
7.89,51
7.91,51
7.98,51
7.97,51
7.64,51
7.67,51
7.75,51
7.81,51
7.73,51
7.78,51
7.66,51
7.77,51
7.5,51
7.44,51
7.35,51
7.32,51
7.39,51
7.49,51
7.43,51
7.64,51
7.61,51
7.52,51
7.31,51
7.3,51
7.33,51
7.33,51
7.34,51
7.27,51
7.3,51
7.2,51
7.2,51
7.09,51
7.09,51
7.12,51
7.11,51
7.13,51
7.16,51
7.09,51
7.11,51
7.05,51
7.06,51
7.1,51
7.24,51
7.16,51
7.09,51
7.1,51
7.11,51
7.1,51
7.03,51
7.01,51
6.96,51
6.89,51
6.85,51
6.83,51
6.77,51
6.55,51
6.36,51
6.34,51
6.32,51
6.13,51
6.07,51
5.96,51
5.45,51
5.33,51
4.92,51
4.83,51
4.39,51
4.22,51
4.22,51
4.09,51
4.04,51
4.0,51
3.95,51
3.95,51
3.89,51
3.82,51
3.82,51
3.77,51
3.62,51
3.56,51
3.52,51
3.33,51
3.33,51
3.29,51
3.25,51
3.21,51
3.11,51
3.07,51
3.05,51
3.03,51
2.96,51
2.92,51
2.88,51
2.83,51
2.81,51
2.81,51
2.78,51
2.73,51
2.68,51
2.66,51
2.63,51
2.59,51
2.5,51
2.46,51
2.44,51
2.32,51
2.16,51
2.08,51
2.04,51
1.97,51
1.95,51
1.84,51
1.82,51
1.78,51
1.73,51
1.68,51
1.59,51
1.44,51
1.31,51
1.1,51
1.08,51
1.08,51
1.07,51
1.04,51
1.01,51
0.99,51
0.98,51
0.98,51
0.93,51
0.93,51
0.92,51
0.92,51
0.92,51
0.89,51
0.89,51
0.78,51
0.71,51
0.66,51
0.63,51
0.54,51
0.49,51
0.45,51
0.3,51
0.27,51
0.27,51
0.24,51
0.21,51
0.17,51
0.15,51
0.12,51
0.1,51
0.09,51
0.05,51
0.07,51
0.09,51
0.09,51
0.1,51
0.1,51
0.11,51
0.14,51
0.15,51
0.18,51
0.18,51
0.21,51
0.21,51
0.28,51
0.31,51
0.33,51
0.35,51
0.4,51
0.54,51
0.63,51
0.63,51
0.63,51
0.63,51
0.68,51
0.68,51
0.68,51
0.68,51
0.68,51
0.68,51
0.68,51
0.68,51
0.68,51
0.68,51
0.68,51
0.68,51
0.68,51
0.68,51
0.68,51
0.68,51
0.68,51
0.68,51
0.68,51
0.68,51
0.68,51
0.68,51
0.68,51
0.68,51
0.68,51
0.68,51
0.68,51
0.68,51
0.68,51
0.68,51
0.68,51
0.68,51
0.68,51
0.7,51
0.7,51
0.7,51
0.71,51
0.71,51
0.71,51
0.93,51
0.96,51
1.11,51
1.28,51
1.31,51
1.33,51
1.4,51
1.51,51
1.57,51
1.59,51
1.62,51
1.64,51
1.66,51
1.68,51
1.69,51
1.7,51
1.73,51
1.74,51
1.74,51
1.74,51
1.75,51
1.76,51
1.77,51
1.79,51
1.8,51
1.81,51
1.81,51
1.81,51
1.82,51
1.83,51
1.83,51
1.83,51
1.84,51
1.85,51
1.85,51
1.85,51
1.85,51
1.86,51
1.87,51
1.85,51
1.85,51
1.85,51
1.85,51
1.86,51
1.85,51
1.83,51
1.81,51
1.78,51
1.79,51
1.76,51
1.77,51
1.7,51
1.67,51
1.65,51
1.63,51
1.59,51
1.46,51
1.38,51
1.39,51
1.39,51
1.4,51
1.37,51
1.39,51
1.39,51
1.4,51
1.42,51
1.43,51
1.43,51
1.43,51
1.45,51
1.46,51
1.46,51
1.48,51
1.49,51
1.5,51
1.53,51
1.54,51
1.54,51
1.55,51
1.57,51
1.61,51
1.63,51
1.65,51
1.67,51
1.71,51
1.74,51
1.76,51
1.77,51
1.81,51
1.83,51
1.87,51
1.9,51
1.92,51
1.94,51
1.95,51
1.99,51
2.09,51
2.17,51
2.2,51
2.3,51
2.1,51
2.17,51
2.06,51
1.96,51
1.95,51
1.93,51
1.94,51
1.84,51
1.83,51
1.82,51
1.84,51
1.82,51
1.91,51
2.09,51
2.18,51
2.17,51
2.27,51
2.28,51
2.28,51
2.35,51
2.34,51
2.33,51
2.32,51
2.3,51
2.39,51
2.59,51
2.69,51
2.72,51
2.73,51
2.72,51
2.83,51
2.89,51
2.99,51
3.01,51
3.12,51
3.15,51
3.3,51
3.37,51
3.43,51
3.45,51
3.53,51
3.55,51
3.58,51
3.57,51
3.63,51
3.64,51
3.66,51
3.67,51
3.69,51
3.71,51
3.72,51
3.79,51
3.84,51
3.86,51
3.88,51
3.88,51
3.89,51
3.89,51
3.9,51
3.99,51
3.99,51
4.02,51
4.05,51
4.09,51
4.11,51
4.11,51
4.15,51
4.15,51
4.19,51
4.18,51
4.2,51
4.22,51
4.22,51
4.23,51
4.26,51
4.28,51
4.33,51
4.35,51
4.36,51
4.39,51
4.39,51
4.45,51
4.43,51
4.47,51
4.53,51
4.5,51
4.48,51
4.49,51
4.53,51
4.56,51
4.68,51
4.71,51
4.77,51
4.79,51
4.87,51
4.84,51
4.92,51
4.83,51
4.8,51
4.7,51
4.68,51
4.58,51
4.55,51
4.53,51
4.54,51
4.54,51
4.48,51
4.47,51
4.43,51
4.42,51
4.53,51
4.54,51
4.52,51
4.33,51
4.34,51
4.36,51
4.23,51
4.41,51
4.41,51
4.58,51
4.59,51
4.61,51
4.7,51
4.7,51
4.74,51
4.63,51
4.56,51
4.66,51
4.64,51
4.74,51
4.67,51
4.7,51
4.61,51
4.62,51
4.54,51
4.54,51
4.41,51
4.32,51
4.34,51
4.35,51
4.26,51
4.27,51
4.28,51
4.31,51
4.29,51
4.31,51
4.33,51
4.34,51
4.36,51
4.35,51
4.35,51
4.3,51
4.26,51
4.27,51
4.26,51
4.27,51
4.27,51
4.27,51
4.25,51
4.17,51
4.17,51
4.13,51
4.09,51
4.09,51
4.08,51
4.16,51
4.12,51
4.16,51
4.15,51
4.14,51
4.13,51
4.14,51
4.14,51
4.16,51
4.15,51
4.12,51
4.07,51
4.06,51
4.07,51
4.14,51
4.13,51
4.09,51
4.23,51
4.24,51
4.18,51
4.2,51
4.28,51
4.26,51
4.24,51
4.2,51
4.14,51
4.19,51
4.14,51
4.1,51
4.0,51
3.99,51
3.9,51
3.9,51
3.9,51
3.91,51
3.91,51
3.94,51
3.94,51
3.9,51
3.9,51
3.9,51
3.88,51
3.88,51
3.87,51
3.89,51
3.77,51
3.76,51
3.67,51
3.73,51
3.62,51
3.6,51
3.6,51
3.4,51
3.4,51
3.16,51
3.15,51
3.13,51
3.04,51
3.04,51
2.9,51
2.8,51
2.77,51
2.64,51
2.64,51
2.54,51
2.5,51
2.41,51
2.39,51
2.35,51
2.32,51
2.29,51
2.27,51
2.27,51
2.18,51
2.15,51
2.14,51
2.1,51
2.05,51
2.02,51
1.98,51
1.94,51
1.9,51
1.88,51
1.83,51
1.82,51
1.8,51
1.77,51
1.75,51
1.72,51
1.71,51
1.69,51
1.67,51
1.66,51
1.66,51
1.65,51
1.64,51
1.63,51
1.62,51
1.58,51
1.56,51
1.46,51
1.45,51
1.41,51
1.38,51
1.38,51
1.36,51
1.33,51
1.31,51
1.27,51
1.24,51
1.22,51
1.21,51
1.2,51
1.17,51
1.08,51
1.07,51
1.03,51
0.89,51
0.82,51
0.89,51
0.88,51
0.86,51
0.88,51
0.91,51
0.94,51
0.92,51
0.84,51
1.13,51
1.13,51
1.16,51
1.2,51
1.16,51
1.18,51
1.18,51
1.21,51
1.25,51
1.23,51
1.25,51
1.25,51
1.25,51
1.27,51
1.28,51
1.31,51
1.31,51
1.3,51
1.26,51
1.28,51
1.28,51
1.21,51
1.22,51
1.22,51
1.22,51
1.22,51
1.22,51
1.23,51
1.23,51
1.23,51
1.24,51
1.25,51
1.25,51
1.26,51
1.26,51
1.26,51
1.27,51
1.27,51
1.27,51
1.27,51
1.27,51
1.27,51
1.27,51
1.28,51
1.28,51
1.28,51
1.29,51
1.3,51
1.3,51
1.31,51
1.31,51
1.31,51
1.31,51
1.31,51
1.32,51
1.32,51
1.32,51
1.33,51
1.34,51
1.34,51
1.34,51
1.35,51
1.35,51
1.35,51
1.35,51
1.36,51
1.37,51
1.38,51
1.38,51
1.39,51
1.4,51
1.4,51
1.41,51
1.42,51
1.42,51
1.43,51
1.43,51
1.44,51
1.44,51
1.44,51
1.44,51
1.44,51
1.44,51
1.44,51
1.45,51
1.46,51
1.47,51
1.44,51
1.44,51
1.45,51
1.46,51
1.48,51
1.37,51
1.39,51
1.34,51
1.34,51
1.25,51
1.22,51
1.14,51
1.14,51
0.83,51
0.87,51
0.88,51
0.88,51
0.85,51
0.84,51
0.85,51
0.82,51
0.8,51
0.82,51
0.81,51
0.82,51
0.82,51
0.82,51
0.83,51
0.83,51
0.87,51
0.95,51
1.01,51
1.22,51
1.48,51
1.53,51
1.58,51
1.66,51
2.02,51
2.03,51
2.07,51
2.08,51
2.29,51
2.33,51
2.43,51
2.49,51
2.59,51
2.64,51
2.69,51
2.7,51
2.76,51
2.76,51
2.78,51
2.96,51
3.01,51
3.01,51
3.01,51
3.11,51
3.29,51
3.33,51
3.32,51
3.41,51
3.41,51
3.45,51
3.5,51
3.54,51
3.6,51
3.65,51
4.0,51
4.11,51
4.15,51
4.23,51
4.41,51
4.46,51
4.6,51
4.65,51
4.69,51
4.73,51
4.78,51
4.8,51
4.87,51
4.97,51
5.11,51
5.11,51
5.26,51
5.3,51
5.4,51
5.45,51
5.6,51
5.64,51
5.64,51
6.01,51
6.1,51
6.21,51
6.3,51
6.35,51
6.41,51
6.41,51
6.4,51
6.45,51
6.54,51
6.57,51
6.55,51
6.55,51
6.64,51
6.62,51
6.63,51
6.81,51
6.81,51
6.88,51
6.99,51
7.09,51
7.14,51
7.23,51
7.23,51
7.19,51
7.22,51
7.24,51
7.28,51
7.33,51
7.37,51
7.4,51
7.44,51
7.48,51
7.53,51
7.51,51
7.55,51
7.66,51
7.94,51
7.97,51
7.95,51
8.21,51
8.23,51
8.02,51
7.86,51
7.94,51
8.07,51
8.05,51
7.78,51
7.8,51
7.84,51
8.12,51
7.95,51
7.97,51
7.89,51
7.86,51
7.82,51
8.11,51
8.35,51
8.38,51
8.4,51
8.44,51
8.42,51
8.28,51
8.24,51
8.37,51
8.37,51
8.38,51
8.39,51
8.36,51
8.37,51
8.27,51
8.6,51
8.6,51
8.77,51
8.73,51
8.71,51
8.77,51
8.46,51
8.42,51
8.59,51
8.57,51
8.38,51
8.33,51
8.44,51
8.49,51
8.45,51
8.41,51
8.47,51
8.71,51
8.92,51
8.9,51
8.82,51
8.92,51
8.76,51
8.72,51
8.61,51
8.59,51
8.55,51
8.59,51
8.7,51
8.36,51
8.29,51
8.35,51
8.26,51
8.36,51
8.56,51
8.69,51
8.88,51
9.13,51
9.07,51
9.08,51
9.17,51
9.23,51
9.17,51
9.2,51
9.22,51
9.06,51
9.13,51
9.09,51
9.0,51
8.92,51
8.9,51
8.86,51
8.88,51
8.95,51
8.91,51
8.9,51
8.9,51
8.86,51
8.83,51
8.88,51
8.85,51
8.82,51
8.78,51
8.8,51
8.81,51
8.8,51
8.52,51
8.59,51
8.62,51
8.29,51
8.25,51
8.27,51
8.21,51
8.19,51
8.04,51
8.04,51
8.0,51
8.12,51
8.15,51
7.94,51
7.9,51
7.85,51
7.84,51
7.8,51
7.74,51
7.43,51
7.44,51
7.47,51
7.42,51
7.46,51
7.5,51
7.48,51
7.57,51
7.48,51
7.5,51
7.42,51
7.25,51
7.28,51
7.32,51
7.36,51
7.07,51
7.04,51
6.87,51
6.89,51
6.88,51
6.81,51
6.83,51
6.77,51
6.58,51
6.59,51
6.69,51
6.81,51
6.68,51
6.62,51
6.71,51
6.82,51
6.74,51
6.6,51
6.36,51
6.3,51
6.54,51
6.46,51
6.53,51
6.59,51
6.63,51
6.62,51
6.51,51
6.62,51
6.77,51
6.73,51
6.71,51
6.75,51
6.8,51
6.74,51
6.59,51
6.52,51
6.56,51
6.31,51
6.31,51
6.29,51
6.2,51
6.25,51
6.26,51
6.29,51
6.27,51
6.24,51
6.23,51
6.43,51
6.47,51
6.46,51
6.48,51
6.58,51
6.6,51
6.72,51
6.75,51
6.9,51
6.92,51
7.01,51
7.37,51
7.42,51
7.74,51
7.81,51
7.78,51
8.19,51
8.22,51
8.19,51
8.17,51
8.19,51
8.51,51
8.68,51
8.66,51
8.67,51
8.67,51
8.58,51
8.57,51
8.7,51
8.8,51
8.87,51
8.95,51
9.01,51
9.08,51
9.4,51
9.53,51
9.55,51
9.58,51
9.6,51
9.45,51
9.67,51
9.74,51
9.9,51
9.93,51
9.96,51
9.97,51
10.04,51
10.08,51
10.08,51
10.31,51
10.39,51
10.48,51
10.48,51
10.48,51
10.6,51
10.57,51
10.67,51
10.69,51
10.69,51
10.82,51
11.2,51
11.27,51
11.22,51
11.42,51
11.45,51
11.51,51
11.79,51
11.85,51
11.75,51
11.89,51
12.49,73
12.51,73
12.57,73
12.27,73
12.29,73
12.24,73
12.25,73
12.36,73
12.36,73
12.38,73
12.35,73
12.13,73
12.18,73
12.8,73
12.88,73
13.23,73
13.63,73
13.55,73
13.86,73
13.66,73
14.04,73
14.15,73
14.15,73
14.18,73
14.1,73
14.16,73
14.23,73
14.26,73
14.28,73
14.26,73
14.22,73
14.19,73
14.25,73
14.6,73
14.51,73
14.62,73
14.62,73
14.91,73
14.73,73
14.98,73
15.07,73
15.28,73
15.38,73
15.15,73
15.06,73
15.32,73
14.89,73
14.93,73
14.94,73
15.28,73
15.22,73
14.92,73
14.97,73
15.15,73
15.1,73
15.23,73
15.36,73
15.45,73
15.48,73
15.37,73
15.62,73
15.58,73
15.53,73
15.56,73
15.25,73
15.35,73
15.37,73
15.48,73
15.74,73
16.11,73
15.86,73
15.85,73
15.76,73
15.9,73
15.96,73
15.94,73
15.86,73
15.88,73
16.07,73
15.91,73
15.88,73
15.77,73
15.73,73
15.71,73
15.62,73
15.66,73
15.56,73
15.54,73
15.53,73
15.33,73
14.99,73
15.02,73
15.04,73
14.76,73
14.67,73
14.49,73
14.23,73
14.1,73
14.09,73
13.93,73
13.2,73
13.15,73
13.15,73
13.19,73
13.15,73
13.14,73
13.16,73
13.24,73
13.35,73
13.33,73
13.6,73
13.56,73
13.65,73
13.11,73
12.91,73
12.94,73
12.87,73
13.03,73
12.84,73
12.86,73
12.58,73
12.46,73
12.46,73
12.43,73
12.39,73
12.32,73
12.19,73
12.16,73
12.13,73
12.1,73
11.9,73
11.87,73
11.79,73
11.4,73
11.32,73
11.17,73
10.99,73
10.63,73
10.61,73
10.29,73
10.1,73
9.51,73
9.27,73
9.15,73
9.13,73
8.87,73
8.87,73
8.72,73
8.63,73
8.29,73
8.21,73
8.14,73
7.9,73
7.71,73
7.71,73
7.54,73
7.39,73
7.28,73
7.06,73
7.02,73
6.56,73
6.41,73
6.32,73
6.22,73
6.2,73
5.95,73
5.91,73
5.78,73
5.47,73
4.96,73
4.93,73
4.83,73
4.68,73
4.49,73
4.43,73
4.36,73
4.35,73
4.31,73
4.2,73
4.16,73
4.09,73
4.13,73
4.13,73
4.74,73
5.1,73
5.15,73
5.25,73
5.26,73
5.27,73
5.31,73
5.29,73
5.29,73
5.24,73
5.22,73
5.18,73
5.18,73
5.11,73
5.09,73
5.09,73
5.08,73
5.08,73
5.07,73
4.98,73
4.94,73
4.93,73
4.92,73
4.83,73
4.6,73
4.46,73
4.46,73
4.02,73
4.02,73
3.88,73
3.8,73
3.71,73
3.28,73
2.86,73
2.67,73
2.49,73
2.44,73
2.29,73
2.26,73
2.24,73
2.24,73
2.25,73
2.24,73
2.24,73
2.3,73
2.29,73
2.31,73
2.32,73
2.43,73
2.54,73
2.53,73
2.77,73
2.84,73
3.02,73
3.13,73
3.2,73
3.22,73
3.39,73
3.89,73
3.98,73
4.01,73
4.09,73
4.14,73
4.23,73
4.25,73
4.25,73
4.26,73
4.3,73
4.32,73
4.34,73
4.34,73
4.4,73
4.47,73
4.47,73
4.47,73
4.49,73
4.53,73
4.63,73
4.68,73
4.68,73
4.7,73
4.73,73
4.75,73
4.76,73
4.77,73
4.82,73
4.83,73
4.85,73
4.88,73
4.95,73
5.07,73
5.04,73
5.06,73
5.12,73
5.17,73
5.08,73
5.08,73
5.27,73
5.32,73
5.47,73
5.03,73
4.67,73
5.27,73
5.19,73
5.15,73
5.28,73
5.46,73
5.45,73
5.59,73
5.61,73
5.76,73
6.27,73
6.63,73
6.63,73
6.65,73
6.7,73
6.71,73
6.78,73
6.79,73
7.02,73
7.05,73
7.18,73
7.7,73
7.79,73
7.88,73
8.13,73
8.24,73
9.16,92
9.35,92
9.54,92
9.59,92
9.69,92
9.81,92
10.0,92
10.03,92
10.18,92
10.31,92
10.38,92
10.8,92
11.17,92
11.73,92
11.75,92
11.85,92
11.89,92
12.23,92
12.68,92
13.15,92
13.17,92
13.62,92
13.86,92
13.99,92
13.79,92
13.71,92
13.6,92
13.59,92
13.7,92
14.14,92
14.05,92
13.61,92
13.77,92
13.78,92
13.82,92
13.77,92
13.78,92
14.4,92
14.66,92
14.68,92
14.67,92
14.65,92
15.28,92
15.6,92
15.87,92
16.21,92
16.46,92
16.51,92
16.62,92
16.6,92
16.51,92
16.71,92
16.72,92
16.94,92
16.94,92
16.96,92
16.99,92
17.01,92
16.97,92
16.99,92
17.01,92
17.0,92
16.98,92
16.88,92
16.87,92
16.88,92
16.81,92
16.74,92
16.71,92
16.66,92
16.54,92
16.42,92
16.29,92
16.24,92
16.21,92
15.5,92
15.52,92
15.56,92
15.47,92
15.3,92
15.35,92
15.26,92
15.47,92
15.39,92
14.91,92
14.57,92
14.75,92
15.73,100
15.73,100
16.32,100
16.55,100
17.21,100
17.97,100
18.05,100
18.05,100
17.61,100
18.27,100
18.25,100
18.03,100
17.98,100
17.15,100
16.98,100
17.08,100
17.25,100
17.5,100
17.53,100
17.8,100
18.05,100
18.34,100
18.4,100
18.85,100
18.66,100
18.7,100
18.18,100
18.47,100
18.55,100
18.71,100
18.54,100
18.11,100
17.73,100
17.73,100
17.31,100
17.04,100
17.18,100
17.19,100
17.39,100
17.51,100
17.63,100
17.53,100
17.27,100
17.22,100
17.37,100
17.5,100
18.04,100
18.03,100
18.24,100
18.29,100
18.35,100
18.92,100
19.26,100
19.3,100
19.61,100
19.89,100
20.17,100
20.3,100
20.01,100
20.05,100
20.22,100
20.38,100
20.37,100
20.6,100
21.17,100
21.38,100
22.96,182
23.12,182
23.29,182
23.48,182
24.61,182
25.06,182
25.53,182
25.97,182
25.96,182
26.53,182
26.55,182
28.46,192
28.62,192
28.78,192
29.07,192
29.08,192
29.33,192
29.47,192
29.7,192
30.77,192
30.86,192
31.13,192
31.37,192
32.09,192
32.17,192
32.1,192
32.27,192
32.23,192
32.11,192
31.89,192
31.84,192
31.86,192
32.03,192
31.91,192
31.04,192
31.19,192
30.64,192
30.52,192
30.15,192
29.54,192
29.71,192
29.86,192
30.74,192
30.25,192
31.43,192
31.67,192
31.68,192
31.83,192
32.04,192
31.95,192
32.03,192
31.85,192
32.24,192
32.79,192
32.88,192
32.7,192
32.72,192
33.13,192
32.98,192
33.44,192
33.64,192
33.51,192
33.51,192
35.06,192
35.4,192
36.11,192
36.15,192
36.3,192
36.38,192
37.12,192
37.11,192
37.09,192
37.27,192
37.96,192
38.04,192
39.61,192
39.6,192
40.48,192
40.57,192
40.42,192
40.67,192
41.11,192
41.19,192
41.51,192
40.95,192
41.03,192
40.89,192
41.09,192
40.93,192
40.02,192
39.59,192
39.44,192
39.41,192
39.33,192
39.29,192
39.0,192
39.09,192
39.09,192
38.44,192
39.96,192
38.24,192
38.71,192
38.77,192
39.26,192
38.24,192
38.53,192
38.3,192
38.86,192
40.28,192
40.81,192
41.58,192
39.76,192
40.89,192
41.05,192
41.52,192
41.53,192
41.71,192
41.53,192
41.68,192
40.68,192
40.47,192
41.31,192
41.42,192
40.72,192
40.88,192
41.47,192
41.61,192
41.59,192
41.91,192
43.45,192
44.89,192
45.52,192
45.88,192
46.1,192
46.58,192
46.63,192
49.21,263
49.94,263
49.9,263
50.48,263
50.55,263
50.47,263
50.59,263
50.97,263
50.57,263
50.53,263
51.59,263
54.36,301
54.47,301
54.94,301
55.45,301
56.11,301
56.29,301
55.46,301
55.41,301
55.28,301
56.76,301
56.11,301
56.87,301
56.31,301
57.38,301
59.28,301
59.96,301
60.56,301
62.33,301
62.76,301
62.65,301
62.51,301
63.15,301
62.62,301
62.37,301
62.37,301
62.72,301
61.84,301
61.95,301
61.08,301
61.13,301
62.0,301
62.04,301
63.48,301
63.05,301
62.71,301
62.64,301
63.36,301
63.48,301
63.66,301
63.75,301
63.61,301
64.07,301
64.34,301
64.52,301
64.9,301
65.72,301
66.18,301
66.25,301
66.64,301
66.8,301
67.68,301
67.86,301
66.32,301
66.81,301
66.2,301
67.56,301
68.1,301
68.06,301
67.35,301
67.38,301
66.35,301
65.09,301
63.96,301
63.74,301
64.54,301
63.22,301
62.93,301
62.26,301
62.49,301
62.45,301
62.53,301
62.46,301
63.1,301
63.68,301
63.28,301
63.36,301
63.35,301
63.77,301
63.65,301
63.47,301
63.85,301
64.29,301
63.19,301
62.79,301
62.3,301
62.31,301
62.28,301
61.98,301
62.07,301
59.67,301
59.7,301
60.39,301
60.51,301
60.86,301
61.2,301
60.37,301
60.68,301
60.96,301
60.94,301
61.64,301
59.4,301
62.77,371
68.35,625
67.91,625
68.37,625
69.45,625
70.4,625
70.83,625
71.48,625
70.57,625
71.33,625
70.97,625
71.46,625
70.74,625
68.96,625
68.74,625
67.76,625
65.47,625
65.26,625
65.84,625
65.8,625
65.61,625
66.57,625
68.51,625
68.74,625
68.3,625
69.72,625
71.33,625
71.07,625
71.82,625
73.94,625
74.04,625
74.01,625
74.25,625
74.28,625
76.12,625
75.1,625
78.65,625
77.84,625
80.65,625
80.7,625
81.72,625
82.41,625
85.38,625
87.15,625
86.89,625
91.01,625
91.96,625
91.89,625
92.19,625
92.06,625
91.97,625
94.73,625
95.87,625
101.23,625
99.91,625
107.72,907
108.66,907
111.82,907
113.3,907
116.01,907
117.72,907
119.89,907
119.77,907
126.76,907
132.39,907
133.4,907
133.87,907
135.93,907
136.11,907
136.57,907
137.2,907
137.22,907
139.18,907
140.56,907
142.16,907
143.0,907
145.97,907
150.08,907
150.16,907
150.02,907
153.46,907
153.55,907
154.3,907
157.9,907
161.83,907
162.82,907
165.26,907
166.3,907
167.52,907
167.49,907
167.12,907
166.23,907
167.27,907
166.9,907
167.37,907
170.2,907
169.28,907
170.04,907
168.75,907
170.69,907
168.1,907
161.89,907
164.64,907
164.34,907
162.72,907
162.2,907
162.83,907
162.64,907
163.0,907
162.59,907
162.69,907
165.57,907
165.35,907
165.6,907
169.45,907
168.73,907
170.54,907
172.17,907
174.36,907
177.01,907
177.37,907
180.19,907
184.25,907
185.85,907
189.03,907
192.83,907
194.25,907
195.36,907
194.57,907
196.93,907
198.72,907
200.75,907
200.64,907
201.08,907
199.29,907
209.8,1068
220.47,1448
223.22,1448
221.11,1448
226.0,1448
224.98,1448
224.95,1448
224.63,1448
222.76,1448
229.0,1448
224.85,1448
225.1,1448
225.03,1448
227.32,1448
236.32,1448
242.71,1448
246.37,1448
247.55,1448
243.96,1448
255.0,1448
249.1,1448
248.48,1448
247.09,1448
246.05,1448
250.65,1448
251.29,1448
249.99,1448
251.89,1448
244.97,1448
244.63,1448
245.61,1448
248.04,1448
247.52,1448
251.16,1448
252.58,1448
252.31,1448
253.07,1448
250.8,1448
250.36,1448
250.6,1448
250.72,1448
249.68,1448
249.82,1448
258.79,1448
259.67,1448
257.51,1448
258.8,1448
262.98,1448
260.44,1448
259.7,1448
261.44,1448
259.36,1448
264.21,1448
265.81,1448
265.82,1448
269.18,1448
271.46,1448
270.33,1448
272.59,1448
274.6,1448
273.29,1448
274.23,1448
274.6,1448
274.71,1448
272.29,1448
274.53,1448
284.23,1448
281.46,1448
280.78,1448
281.63,1448
294.73,1448
295.44,1448
297.59,1448
297.1,1448
297.05,1448
297.12,1448
294.3,1448
294.43,1448
295.52,1448
299.39,1448
299.25,1448
298.95,1448
297.1,1448
296.01,1448
295.11,1448
294.33,1448
293.39,1448
295.73,1448
294.89,1448
291.49,1448
286.54,1448
286.03,1448
287.41,1448
287.81,1448
283.63,1448
287.85,1448
284.94,1448
297.01,1448
301.96,1448
308.63,1448
306.23,1448
296.37,1448
294.08,1448
294.03,1448
297.8,1448
297.57,1448
301.97,1448
301.65,1448
303.17,1448
296.63,1448
296.28,1448
295.98,1448
296.34,1448
297.82,1448
288.43,1448
282.04,1448
288.96,1448
286.66,1448
289.22,1448
282.21,1448
284.57,1448
287.73,1448
286.86,1448
287.68,1448
281.45,1448
284.16,1448
291.82,1448
290.6,1448
290.15,1448
288.12,1448
291.69,1448
289.34,1448
288.46,1448
285.82,1448
288.01,1448
287.48,1448
290.25,1448
290.89,1448
295.87,1448
294.31,1448
298.71,1448
297.24,1448
294.14,1448
290.38,1448
290.32,1448
289.36,1448
289.98,1448
286.2,1448
285.9,1448
283.76,1448
283.68,1448
295.92,1448
293.65,1448
294.05,1448
293.48,1448
292.06,1448
301.28,1448
301.18,1448
323.18,2443
327.5,2443
325.92,2443
325.08,2443
324.77,2443
325.55,2443
327.88,2443
325.65,2443
320.62,2443
321.91,2443
322.56,2443
323.48,2443
324.62,2443
326.5,2443
326.69,2443
350.47,2443
352.57,2443
352.83,2443
362.94,2443
368.57,2443
370.59,2443
366.99,2443
369.32,2443
368.83,2443
369.55,2443
371.56,2443
381.41,2443
383.49,2443
384.36,2443
379.16,2443
379.28,2443
380.31,2443
391.0,2443
392.2,2443
400.96,2443
405.36,2443
410.72,2443
414.5,2443
418.66,2443
407.17,2443
406.41,2443
404.72,2443
400.62,2443
412.35,2443
413.69,2443
429.23,2443
434.33,2443
434.86,2443
429.74,2443
427.2,2443
428.84,2443
442.2,2443
442.7,2443
452.23,2443
460.14,2443
459.64,2443
459.34,2443
462.73,2443
450.37,2443
467.17,2443
463.38,2443
462.27,2443
457.15,2443
455.07,2443
463.33,2443
462.81,2443
462.38,2443
466.08,2443
460.73,2443
460.19,2443
463.78,2443
461.53,2443
470.02,2443
486.89,2443
486.46,2443
490.2,2443
488.09,2443
492.14,2443
489.66,2443
494.84,2443
494.97,2443
498.17,2443
497.97,2443
513.92,2443
513.72,2443
524.82,2443
527.98,2443
528.2,2443
532.26,2443
531.1,2443
533.49,2443
545.51,2443
544.13,2443
532.35,2443
530.04,2443
527.54,2443
529.2,2443
530.8,2443
519.78,2443
523.82,2443
504.26,2443
501.48,2443
501.94,2443
507.56,2443
511.57,2443
514.17,2443
511.84,2443
512.05,2443
509.29,2443
510.54,2443
511.69,2443
517.01,2443
504.99,2443
502.23,2443
502.32,2443
480.51,2443
479.09,2443
480.49,2443
471.2,2443
467.29,2443
471.49,2443
473.3,2443
471.65,2443
480.02,2443
481.42,2443
480.71,2443
473.49,2443
478.56,2443
485.71,2443
491.27,2443
499.11,2443
504.02,2443
510.76,2443
507.74,2443
497.73,2443
500.96,2443
494.72,2443
486.82,2443
482.37,2443
481.95,2443
482.93,2443
479.83,2443
475.92,2443
460.05,2443
460.64,2443
445.01,2443
436.77,2443
437.3,2443
443.22,2443
447.31,2443
444.28,2443
442.58,2443
446.82,2443
438.11,2443
429.9,2443
427.84,2443
432.93,2443
435.45,2443
439.51,2443
428.67,2443
428.93,2443
428.78,2443
430.32,2443
429.53,2443
421.74,2443
430.69,2443
441.08,2443
439.41,2443
443.16,2443
457.46,2443
458.06,2443
457.68,2443
443.87,2443
442.92,2443
446.09,2443
457.92,2443
458.74,2443
456.8,2443
485.58,3058
480.38,3058
482.05,3058
480.55,3058
493.39,3058
477.33,3058
482.63,3058
478.36,3058
488.54,3058
487.54,3058
490.51,3058
494.93,3058
493.96,3058
488.23,3058
487.66,3058
488.98,3058
490.1,3058
509.92,3058
511.28,3058
507.76,3058
516.46,3058
528.24,3058
526.06,3058
530.72,3058
542.51,3058
544.75,3058
540.12,3058
539.96,3058
543.37,3058
544.72,3058
544.59,3058
554.89,3058
558.01,3058
554.47,3058
552.55,3058
551.75,3058
549.4,3058
547.44,3058
546.17,3058
556.99,3058
556.02,3058
557.25,3058
562.51,3058
557.95,3058
556.76,3058
562.46,3058
561.34,3058
563.84,3058
563.28,3058
556.25,3058
546.31,3058
574.65,3705
583.41,3705
584.15,3705
576.63,3705
584.29,3705
588.76,3705
590.13,3705
602.87,3705
612.61,3705
615.15,3705
619.17,3705
623.45,3705
633.67,3705
647.21,3705
651.29,3705
651.98,3705
654.6,3705
655.26,3705
657.54,3705
654.32,3705
653.43,3705
653.08,3705
642.93,3705
655.01,3705
664.71,3705
664.83,3705
664.4,3705
667.03,3705
664.07,3705
666.85,3705
660.81,3705
661.59,3705
660.74,3705
698.62,3983
699.47,3983
711.74,3983
704.15,3983
695.5,3983
693.91,3983
706.45,3983
693.07,3983
701.85,3983
713.53,3983
734.62,3983
725.18,3983
723.62,3983
709.28,3983
721.91,3983
724.45,3983
696.33,3983
699.47,3983
695.15,3983
701.49,3983
701.17,3983
700.39,3983
698.16,3983
694.09,3983
679.99,3983
692.25,3983
683.14,3983
678.24,3983
681.4,3983
680.61,3983
680.55,3983
